time_h,normalized_pce
0,1.0052894664444512
2.87776814,1.00657288
5.32069526,1.00430135
7.76362237,1.00430135
10.2065495,1.00202981
11.15411772263758,0.9989175846346483
12.6494766,1.00202981
15.0924037,0.999758275
17.5353308,0.997486738
19.9782579,0.995215202
22.521238893232272,0.9904217422215777
24.8641122,0.992943665
27.3070393,0.990672128
29.7499664,0.988400592
32.1928935,0.988400592
33.888360063826966,0.9840498604117749
37.0787478,0.986129055
39.5216749,0.983857519
41.964602,0.981585982
45.25548123442168,0.9755540179987043
46.8504562,0.978178677
49.2933833,0.977042909
51.7363104,0.97590714
54.1792376,0.974771372
56.62260240501635,0.9691821361889015
59.0650918,0.971364067
61.5080189,0.970228299
63.950946,0.967956762
66.3938731,0.965685226
67.98972357561107,0.9606862937758309
71.2797274,0.963413689
73.7226545,0.963413689
76.1655816,0.961142152
79.35684474620578,0.9543144119660281
81.0514358,0.956599079
83.4943629,0.956599079
85.9372901,0.954327543
88.3802172,0.953191774
90.72396591680045,0.9500664907594928
93.2660714,0.949784469
95.7089985,0.949784469
98.1519256,0.947512933
100.594853,0.946377164
102.09108708739517,0.9436946089496898
103.03778,0.945241396
105.480707,0.942969859
107.923634,0.939562555
110.366561,0.937291018
113.45820825798984,0.9351987665366193
115.252415,0.932747945
117.695343,0.930476408
120.13827,0.92934064
122.581197,0.927069103
124.82532942858455,0.9224550029170135
127.467051,0.920254493
129.909978,0.91571142
132.352905,0.913439884
134.795832,0.90889681
136.19245059917927,0.9054633180908724
137.238759,0.906625274
139.681687,0.9020822
142.124614,0.899810664
144.567541,0.896403359
147.55957176977392,0.890595593867999
149.453395,0.888452981
151.896322,0.886181444
154.339249,0.881638371
156.782176,0.879366834
158.92669294036864,0.8757278696451256
161.668031,0.871416456
164.110958,0.868009151
166.553885,0.865737615
168.996812,0.861194541
170.29381411096332,0.8587361848189845
171.439739,0.858923005
173.882666,0.8555157
176.325593,0.852108395
178.76852,0.847565322
181.66093528155804,0.8417444999928435
183.654375,0.843022249
186.097302,0.838479175
188.540229,0.833936102
190.983156,0.831664566
193.02805645215275,0.82687677576997
195.86901,0.824849956
198.311937,0.822578419
200.754864,0.818035346
203.197792,0.815763809
204.39517762274744,0.8120090515470966
205.640719,0.811220736
208.083646,0.808949199
210.526573,0.804406126
212.9695,0.80213459
215.76229879334215,0.7971413273242232
217.855354,0.79531998
220.298281,0.790776906
222.741209,0.787369602
225.184136,0.783962297
227.12941996393687,0.780149642498082
230.06999,0.777147687
232.512917,0.772604614
234.955844,0.76806154
237.398771,0.760111162
238.49654113453147,0.7589100364654058
239.841698,0.754432321
242.284625,0.751025016
244.727553,0.744210406
247.17048,0.743074638
249.86366230512618,0.7334225092261941
252.056334,0.733988491
254.499261,0.729445418
256.942188,0.724902345
259.385115,0.720359272
261.2307834757209,0.7121829031935178
264.270969,0.709001588
266.713897,0.702186979
269.156824,0.697643905
271.599751,0.693100832
272.5979046463156,0.6866953759543063
274.042678,0.688557759
276.485605,0.681743149
278.928532,0.676064308
281.371459,0.671521234
283.9650258169103,0.6612078487150946
286.257314,0.660163551
288.700241,0.65448471
291.143168,0.649941637
293.586095,0.644262795
295.332146987505,0.6357203214758831
298.471949,0.631769344
300.914876,0.62722627
303.357803,0.620411661
306.6992681580997,0.6102327942366714
308.243658,0.611325514
310.686585,0.604510904
313.129512,0.599967831
315.572439,0.593153221
318.0663893286944,0.5847452669974599
320.458293,0.584067075
322.90122,0.577252465
325.344147,0.572709392
327.787074,0.565894782
329.4335104992891,0.5592577397582483
332.672929,0.554537099
335.115856,0.549994026
337.558783,0.545450952
340.80063166988384,0.5337702125190367
342.444637,0.534093269
344.887564,0.52727866
347.330491,0.522735586
349.773419,0.518192513
352.16775284047844,0.5082826852798251
354.659273,0.504563293
357.1022,0.50002022
359.545127,0.495477147
361.988054,0.490934074
363.53487401107316,0.48491911864388115
366.873908,0.480712159
369.316835,0.477304854
371.759763,0.477304854
374.90199518166787,0.4742993156275429
376.645617,0.471626013
379.088544,0.469354476
381.531471,0.465947171
383.974398,0.459132561
386.26911635226264,0.4615555520079372
388.860252,0.452317951
391.303179,0.450046415
393.746107,0.447774878
396.189034,0.445503341
397.63623752285736,0.44881178838833136
398.631961,0.443231805
401.074888,0.4398245
403.517815,0.436417195
405.960742,0.434145658
409.0033586934519,0.4360680247687255
410.846596,0.429602585
413.289524,0.425059512
415.732451,0.422787975
418.175378,0.420516439
420.3704798640466,0.4233242611491198
423.061232,0.414837597
425.504159,0.411430292
427.947086,0.409158756
430.390013,0.406887219
431.73760103464133,0.410580497529514
432.83294,0.404615682
435.275868,0.400072609
437.718795,0.397801073
440.161722,0.395529536
443.10472220523604,0.39783673390990815
445.047576,0.390986463
447.490503,0.38644339
449.93343,0.384171853
452.376357,0.381900316
454.47184337583076,0.3850929702903023
457.262212,0.377357243
459.705139,0.37281417
462.148066,0.370542633
464.590993,0.367135328
465.8389645464255,0.3723492066706966
467.03392,0.36599956
469.476847,0.361456487
471.919774,0.35918495
474.362701,0.355777645
477.2060857170202,0.3574814824478231
479.248556,0.350098804
481.691483,0.347827267
484.13441,0.344419962
486.577337,0.341012657
488.5732068876149,0.34261375822494966
491.463191,0.336469584
493.906118,0.333062279
496.349045,0.330790743
498.791973,0.331926511
499.9403280582096,0.32986999460534394
501.2349,0.329654974
503.677827,0.326247669
506.120754,0.323976133
508.563681,0.31943306
511.30744922880416,0.3171262309857381
513.449535,0.309211145
515.892462,0.306939608
518.335389,0.304668072
520.778317,0.301260767
522.6745703993988,0.3043824673661323
525.664171,0.295581925
528.107098,0.29217462
530.550025,0.289903084
532.992952,0.286495779
534.0416915699936,0.28951474314325887
535.435879,0.284224242
537.878806,0.280816937
540.321734,0.279681169
542.764661,0.277409632
545.4088127405882,0.27677097952365304
547.650515,0.270595022
550.093442,0.267187717
552.536369,0.263780413
554.979296,0.261508876
556.7759339111831,0.2640272159040473
559.86515,0.254694266
562.308078,0.250151193
564.751005,0.247879656
567.193932,0.24560812
568.1430550817777,0.2491594916811738
569.636859,0.243336583
572.079786,0.241065046
574.522713,0.236521973
576.96564,0.234250437
579.5101762523725,0.23429176745830038
581.851494,0.227435827
584.294422,0.22516429
586.737349,0.222892754
589.180276,0.219485449
590.8772974229671,0.22154800383869455
