hour,source_y,normalized_pce,source_row
4.05255023779,0.978138489304,1,3
8.17936865189,0.953574439949,0.974886941243,4
12.306187066,0.929010390595,0.949773882485,5
16.4330054801,0.900937191332,0.921073243906,6
20.5598238942,0.876373141977,0.895960185148,7
24.6866423083,0.862336542346,0.881609865858,8
28.8134607224,0.848299942715,0.867259546568,9
32.9402791365,0.841281642899,0.860084386923,10
37.0670975506,0.837772492991,0.856496807101,11
41.1939159647,0.830754193176,0.849321647456,12
45.3207343788,0.82373589336,0.842146487811,13
49.4475527929,0.816717593545,0.834971328166,14
53.574371207,0.802680993913,0.820621008876,15
57.7011896211,0.79215354419,0.809858269409,16
61.8280080352,0.785135244374,0.802683109764,17
65.9548264493,0.774607794651,0.791920370296,18
70.0816448634,0.764080344927,0.781157630829,19
74.2084632775,0.757062045112,0.773982471184,20
78.3352816915,0.750043745296,0.766807311539,21
82.4621001056,0.739516295573,0.756044572072,22
86.5889185197,0.736007145665,0.752456992249,23
90.7157369338,0.728988845849,0.745281832604,24
94.8425553479,0.718461396126,0.734519093137,25
98.969373762,0.71144309631,0.727343933492,26
103.096192176,0.697406496679,0.712993614202,27
107.22301059,0.686879046955,0.702230874734,28
111.349829004,0.672842447324,0.687880555445,29
115.476647418,0.662314997601,0.677117815977,30
119.603465833,0.651787547877,0.66635507651,31
123.730284247,0.644769248062,0.659179916865,32
127.857102661,0.637750948246,0.65200475722,33
131.983921075,0.63073264843,0.644829597575,34
136.110739489,0.63073264843,0.644829597575,35
140.237557903,0.623714348615,0.63765443793,36
144.364376317,0.616696048799,0.630479278285,37
148.491194731,0.609677748984,0.62330411864,38
152.618013145,0.59915029926,0.612541379173,39
156.744831559,0.588622849537,0.601778639705,40
160.871649973,0.581604549721,0.59460348006,41
164.998468388,0.574586249905,0.587428320415,42
169.125286802,0.56756795009,0.58025316077,43
173.252105216,0.560549650274,0.573078001125,44
177.37892363,0.553531350458,0.56590284148,45
181.505742044,0.550022200551,0.562315261658,46
185.632560458,0.543003900735,0.555140102013,47
189.759378872,0.532476451012,0.544377362546,48
