x,y
-0.5796876178616941,1.0000228021092228
4.703665645089174,0.9935301798836342
9.987018908040042,0.9870375576580458
15.27037217099091,0.9837912465452516
20.55372543394178,0.9740523132068688
25.837078696892647,0.9643133798684861
31.120431959843515,0.9545744465301034
36.40378522279437,0.9480818243045149
41.68713848574525,0.9383428909661322
46.97049174869612,0.9350965798533379
52.25384501164699,0.9253576465149552
57.53719827459783,0.9156187131765725
62.820551537548695,0.909126090950984
68.10390480049956,0.9026334687253955
73.38725806345043,0.8928945353870128
78.6706113264013,0.8864019131614242
83.95396458935217,0.8799092909358359
89.23731785230304,0.8701703575974531
94.5206711152539,0.8636777353718647
99.80402437820477,0.8571851131462762
105.08737764115564,0.8506924909206877
110.37073090410651,0.8474461798078934
115.65408416705738,0.840953557582305
120.93743743000825,0.8344609353567165
126.22079069295911,0.8312146242439222
131.50414395590997,0.8247220020183337
136.78749721886084,0.8214756909055395
142.0708504818117,0.8149830686799511
147.35420374476257,0.8117367575671568
152.63755700771344,0.8052441353415682
157.9209102706643,0.801997824228774
163.20426353361518,0.7955052020031856
168.487616796566,0.7922588908903914
173.77097005951686,0.7890125797775971
179.05432332246772,0.7825199575520085
184.3376765854186,0.7792736464392144
189.62102984836946,0.7760273353264201
194.90438311132033,0.7727810242136259
200.1877363742712,0.7662884019880374
205.47108963722206,0.7597957797624488
210.75444290017293,0.7533031575368605
216.0377961631238,0.7500568464240662
221.32114942607467,0.7403179130856834
226.60450268902554,0.733825290860095
231.8878559519764,0.7273326686345065
237.17120921492727,0.7240863575217122
242.45456247787814,0.7175937352961237
247.737915740829,0.7111011130705354
253.02126900377988,0.7013621797321525
258.30462226673075,0.6948695575065641
263.5879755296816,0.6883769352809757
268.8713287926325,0.6786380019425928
274.15468205558335,0.6688990686042102
279.4380353185342,0.6624064463786217
284.7213885814851,0.652667513040239
290.00474184443596,0.6461748908146505
295.2880951073868,0.639682268589062
300.5714483703377,0.6299433352506792
305.85480163328856,0.6234507130250908
311.1381548962394,0.6202044019122965
316.42150815919024,0.6137117796867081
321.7048614221411,0.6072191574611195
326.988214685092,0.6007265352355311
332.27156794804284,0.5974802241227368
337.5549212109937,0.5909876018971484
342.8382744739446,0.5877412907843541
348.12162773689545,0.5812486685587657
353.4049809998463,0.571509735220383
358.6883342627972,0.5617708018820002
363.97168752574805,0.5487855574308232
369.2550407886989,0.5390466240924405
374.5383940516498,0.5293076907540578
379.82174731460066,0.5195687574156751
385.1051005775515,0.5065835129644981
390.3884538405024,0.4968445796261154
395.67180710345326,0.4871056462877327
400.95516036640413,0.4806130240621441
406.238513629355,0.4708740907237614
411.52186689230587,0.4611351573853787
416.80522015525673,0.451396224046996
422.0885734182076,0.44490360182140753
427.37192668115847,0.438410979595819
432.65527994410934,0.42867204625743627
437.9386332070602,0.4221794240318478
443.2219864700111,0.4156868018062593
448.50533973296194,0.40919417958067084
453.7886929959128,0.4027015573550824
459.0720462588637,0.3929626240166997
464.35539952181455,0.38322369067831696
469.6387527847654,0.37348475733993414
474.9221060477163,0.3669921351143457
480.20545931066715,0.36049951288875726
485.488812573618,0.35076057955037454
490.7721658365689,0.3410216462119918
496.05551909951976,0.331282712873609
